{"loss": [1.4435480833053589, 0.39967426657676697, 0.4803834855556488, 0.6110328435897827, 0.7082991600036621], "accuracy": [0.7764137387275696, 0.95194411277771, 0.9692873358726501, 0.9760237336158752, 0.9800862669944763], "val_loss": [1.7761578559875488, 1.420690655708313, 2.3026552200317383, 3.724759101867676, 6.594460964202881], "val_accuracy": [0.8136459589004517, 0.9127292037010193, 0.9337975978851318, 0.9343265295028687, 0.9268335700035095]}
