{"loss": [7.076819896697998, 6.380422592163086, 5.826691627502441, 5.377475261688232, 4.9714508056640625, 4.587459564208984, 4.2341179847717285, 3.867649793624878, 3.5106430053710938, 3.1547341346740723, 2.8013126850128174, 2.4444172382354736, 2.127826452255249, 1.870475172996521, 1.6278268098831177, 1.4251114130020142, 1.2609831094741821, 1.1217178106307983, 1.0119961500167847, 0.9003531336784363, 0.8350330591201782, 0.7552239298820496, 0.6990281939506531, 0.6401808857917786, 0.581085741519928, 0.5522576570510864, 0.5256186723709106, 0.4960598349571228, 0.47379958629608154, 0.4444294273853302, 0.4234955608844757, 0.41851872205734253, 0.39418452978134155, 0.38140130043029785, 0.3643540143966675, 0.3544434607028961, 0.34015047550201416, 0.32431796193122864, 0.3212754726409912, 0.30474546551704407], "accuracy": [0.029102729633450508, 0.055030614137649536, 0.0864010900259018, 0.1136140301823616, 0.1362914741039276, 0.1629752814769745, 0.19298510253429413, 0.22307053208351135, 0.26706477999687195, 0.3047093451023102, 0.36246126890182495, 0.42316123843193054, 0.48000603914260864, 0.5348854660987854, 0.5856829881668091, 0.6388993859291077, 0.6723864078521729, 0.7071585059165955, 0.7328596115112305, 0.7617355585098267, 0.7737546563148499, 0.7923501133918762, 0.8085266947746277, 0.8182024359703064, 0.8400483727455139, 0.8457933068275452, 0.857132077217102, 0.8596265912055969, 0.8614407777786255, 0.8744425177574158, 0.877088189125061, 0.8773905634880066, 0.8846473693847656, 0.890997052192688, 0.8924332857131958, 0.8950790166854858, 0.8996900916099548, 0.905888557434082, 0.9036208391189575, 0.9093657732009888]}